id,type,ap_name,x_pdf_pt,y_pdf_pt,x_pdf_px,y_pdf_px,x_dxf,y_dxf,cluster_items,label_distance_pdf_pt,mapping_quality,registration_median_error_dxf,registration_p95_error_dxf
AP_001,violet,D1-45,3025.500,233.558,6051.0,467.1,32428.706986,33716.115663,16,12.845,good,0.009831,1.658803
AP_002,violet,D1-43,2369.730,233.681,4739.5,467.4,32345.634755,33500.204679,16,8.755,good,0.009831,1.658803
AP_003,violet,D1-47,3716.464,233.760,7432.9,467.5,32516.347124,33943.571948,16,10.519,good,0.009831,1.658803
AP_004,violet,D1-49,4337.636,234.503,8675.3,469.0,32595.319624,34147.982808,16,12.881,good,0.009831,1.658803
AP_005,orange,U2-06,3072.720,234.619,6145.4,469.2,32435.041092,33731.527128,16,12.812,good,0.009831,1.658803
AP_006,orange,U1-05,3643.770,234.881,7287.5,469.8,32507.502983,33919.497295,16,12.381,good,0.009831,1.658803
AP_007,orange,U2-02,4409.861,234.900,8819.7,469.8,32604.604369,34171.710665,16,13.715,good,0.009831,1.658803
AP_008,violet,D1-39,1387.481,235.099,2775.0,470.2,32221.610195,33176.645030,16,10.551,good,0.009831,1.658803
AP_009,orange,U1-09,2385.060,235.200,4770.1,470.4,32348.077704,33505.059198,16,13.587,good,0.009831,1.658803
AP_010,violet,D2-48,3841.590,235.279,7683.2,470.6,32532.705757,33984.574022,16,12.303,good,0.009831,1.658803
AP_011,orange,U1-03,4255.935,235.361,8511.9,470.7,32585.247435,34120.975932,16,12.355,good,0.009831,1.658803
AP_012,orange,U2-10,2108.276,235.464,4216.6,470.9,32313.084879,33413.901798,16,13.605,good,0.009831,1.658803
AP_013,violet,D2-44,2702.944,235.680,5405.9,471.4,32388.524649,33609.653359,16,8.403,good,0.009831,1.658803
AP_014,orange,U2-04,3759.870,235.841,7519.7,471.7,32522.533672,33957.598537,16,13.022,good,0.009831,1.658803
AP_015,violet,D2-46,3182.479,236.012,6365.0,472.0,32449.410681,33767.485795,16,12.303,good,0.009831,1.658803
AP_016,orange,U2-12,1704.739,236.483,3409.5,473.0,32262.275305,33280.918472,16,13.586,good,0.009831,1.658803
AP_017,orange,U2-08,2654.351,236.558,5308.7,473.1,32382.654874,33593.544305,16,8.215,good,0.009831,1.658803
AP_018,orange,U1-13,1595.036,236.580,3190.1,473.2,32248.403594,33244.789404,16,13.031,good,0.009831,1.658803
AP_019,violet,D2-40,1669.676,236.604,3339.4,473.2,32257.871570,33269.359601,16,9.785,good,0.009831,1.658803
AP_020,orange,U1-07,2954.715,237.023,5909.4,474.0,32420.876387,33692.372389,16,8.210,good,0.009831,1.658803
AP_021,orange,U1-15,1296.979,237.263,2594.0,474.5,32210.852172,33146.575183,16,13.028,good,0.009831,1.658803
AP_022,violet,D1-41,1819.620,237.278,3639.2,474.6,32277.097210,33318.639398,16,9.080,good,0.009831,1.658803
AP_023,violet,D2-42,2082.480,237.623,4165.0,475.2,32310.525944,33405.135521,16,9.874,good,0.009831,1.658803
AP_024,orange,U2-14,1410.769,238.099,2821.5,476.2,32225.549349,33183.931611,16,13.894,good,0.009831,1.658803
AP_025,violet,D1-37,1032.877,238.358,2065.8,476.7,32177.740202,33059.487898,16,9.295,good,0.009831,1.658803
AP_026,orange,U2-16,1053.919,238.718,2107.8,477.4,32180.525516,33066.369561,16,13.559,good,0.009831,1.658803
AP_027,violet,D2-38,1238.460,239.509,2476.9,479.0,32204.174965,33127.024710,16,10.046,good,0.009831,1.658803
AP_028,orange,U1-17,967.620,244.298,1935.2,488.6,32171.424990,33037.250714,16,9.679,good,0.009831,1.658803
AP_029,orange,U1-11,1951.189,244.943,3902.4,489.9,32296.295875,33360.983532,16,16.716,good,0.009831,1.658803
AP_030,violet,D2-36,959.310,248.543,1918.6,497.1,32171.769329,33033.976841,16,18.551,good,0.009831,1.658803
AP_031,violet,D2-50,4417.800,251.261,8835.6,502.5,32610.997046,34172.250631,16,15.902,good,0.009831,1.658803
AP_032,orange,U2-18,887.771,310.463,1775.5,620.9,32183.087991,33002.576756,16,15.727,good,0.009831,1.658803
AP_033,violet,D1-51,4412.062,354.413,8824.1,708.8,32644.229761,34157.288234,16,15.125,good,0.009831,1.658803
AP_034,violet,D1-35,793.841,408.818,1587.7,817.6,32203.564046,32959.187117,16,15.361,good,0.009831,1.658803
AP_035,orange,U2-26,255.544,420.233,511.1,840.5,32139.097750,32780.519841,16,16.249,good,0.009831,1.658803
AP_036,orange,U1-25,256.680,442.778,513.4,885.6,32146.664118,32778.036544,16,16.952,good,0.009831,1.658803
AP_037,orange,U1-19,744.450,452.903,1488.9,905.8,32211.817990,32937.338946,16,14.129,good,0.009831,1.658803
AP_038,orange,U1-01,4403.670,455.700,8807.3,911.4,32676.512368,34141.687922,16,16.062,good,0.009831,1.658803
AP_039,violet,D2-34,720.300,476.198,1440.6,952.4,32216.426474,32926.435751,16,16.295,good,0.009831,1.658803
AP_040,violet,D1-33,597.645,483.521,1195.3,967.0,32203.292205,32885.126544,16,13.049,good,0.009831,1.658803
AP_041,orange,U1-21,560.089,492.218,1120.2,984.4,32201.395300,32871.659950,16,19.785,good,0.009831,1.658803
AP_042,orange,U2-20,675.124,495.144,1350.2,990.3,32216.938554,32909.161293,16,15.229,good,0.009831,1.658803
AP_043,orange,U2-22,450.660,525.924,901.3,1051.8,32198.623303,32831.361319,16,12.844,good,0.009831,1.658803
AP_044,violet,D2-32,441.150,528.083,882.3,1056.2,32198.128502,32827.956876,16,15.727,good,0.009831,1.658803
AP_045,orange,U2-24,257.490,536.792,515.0,1073.6,32177.718578,32766.387735,16,15.915,good,0.009831,1.658803
AP_046,orange,U1-23,385.039,539.496,770.1,1079.0,32194.774381,32808.037185,16,12.372,good,0.009831,1.658803
AP_047,violet,D1-31,378.416,539.616,756.8,1079.2,32193.974545,32805.841690,16,13.349,good,0.009831,1.658803
AP_048,violet,D1-57,4334.891,602.003,8669.8,1204.0,32715.961591,34100.501766,16,9.616,good,0.009831,1.658803
AP_049,violet,D1-55,4490.036,611.640,8980.1,1223.3,32738.797730,34150.357785,16,12.108,good,0.009831,1.658803
AP_050,violet,D2-52,4416.360,621.139,8832.7,1242.3,32732.587140,34124.897897,16,15.128,good,0.009831,1.658803
AP_051,orange,U1-27,255.124,669.469,510.2,1338.9,32221.099107,32748.793103,16,19.075,good,0.009831,1.658803
AP_052,orange,U2-28,255.210,684.458,510.4,1368.9,32226.044694,32746.921809,16,17.307,good,0.009831,1.658803
AP_053,violet,D1-53,4404.154,739.800,8808.3,1479.6,32770.106254,34105.840047,16,18.270,good,0.009831,1.658803
AP_054,violet,D2-54,4412.441,745.219,8824.9,1490.4,32772.940600,34107.881706,16,17.538,good,0.009831,1.658803
AP_055,orange,U1-29|U2-30,258.936,758.722,517.9,1517.4,32250.966407,32738.736070,32,18.265,merged-pair,0.009831,1.658803
