curve_id,vertex_index,x_pdf_pt,y_pdf_pt,x_px,y_px,curve_length_pdf_pt,curve_length_px
WC_0001,0,792.72,204.24,3303.0,851.0,147.53,614.7
WC_0001,1,792.24,212.4,3301.0,885.0,147.53,614.7
WC_0001,2,795.6,213.12,3315.0,888.0,147.53,614.7
WC_0001,3,796.8,214.56,3320.0,894.0,147.53,614.7
WC_0001,4,792.24,216.48,3301.0,902.0,147.53,614.7
WC_0001,5,792.24,220.32,3301.0,918.0,147.53,614.7
WC_0001,6,793.68,221.28,3307.0,922.0,147.53,614.7
WC_0001,7,792.24,223.2,3301.0,930.0,147.53,614.7
WC_0001,8,792.24,226.32,3301.0,943.0,147.53,614.7
WC_0001,9,797.04,227.28,3321.0,947.0,147.53,614.7
WC_0001,10,800.88,226.8,3337.0,945.0,147.53,614.7
WC_0001,11,802.08,228.96,3342.0,954.0,147.53,614.7
WC_0001,12,802.32,236.4,3343.0,985.0,147.53,614.7
WC_0001,13,801.6,239.52,3340.0,998.0,147.53,614.7
WC_0001,14,794.16,239.52,3309.0,998.0,147.53,614.7
WC_0001,15,792.48,241.44,3302.0,1006.0,147.53,614.7
WC_0001,16,792.48,250.08,3302.0,1042.0,147.53,614.7
WC_0001,17,794.64,251.52,3311.0,1048.0,147.53,614.7
WC_0001,18,799.2,251.28,3330.0,1047.0,147.53,614.7
WC_0001,19,800.16,255.12,3334.0,1063.0,147.53,614.7
WC_0001,20,799.44,263.52,3331.0,1098.0,147.53,614.7
WC_0001,21,794.16,263.76,3309.0,1099.0,147.53,614.7
WC_0001,22,792.24,265.2,3301.0,1105.0,147.53,614.7
WC_0001,23,792.24,288.0,3301.0,1200.0,147.53,614.7
WC_0001,24,796.32,289.44,3318.0,1206.0,147.53,614.7
WC_0001,25,796.08,291.12,3317.0,1213.0,147.53,614.7
WC_0001,26,794.16,291.12,3309.0,1213.0,147.53,614.7
WC_0001,27,792.48,292.32,3302.0,1218.0,147.53,614.7
WC_0001,28,792.48,297.6,3302.0,1240.0,147.53,614.7
WC_0001,29,795.36,298.56,3314.0,1244.0,147.53,614.7
WC_0001,30,804.48,298.08,3352.0,1242.0,147.53,614.7
WC_0002,0,571.68,220.08,2382.0,917.0,57.717,240.5
WC_0002,1,569.28,220.32,2372.0,918.0,57.717,240.5
WC_0002,2,569.04,225.84,2371.0,941.0,57.717,240.5
WC_0002,3,566.88,227.28,2362.0,947.0,57.717,240.5
WC_0002,4,566.88,228.48,2362.0,952.0,57.717,240.5
WC_0002,5,569.04,230.64,2371.0,961.0,57.717,240.5
WC_0002,6,566.64,236.88,2361.0,987.0,57.717,240.5
WC_0002,7,530.4,237.36,2210.0,989.0,57.717,240.5
WC_0003,0,571.92,220.32,2383.0,918.0,77.023,320.9
WC_0003,1,571.92,226.08,2383.0,942.0,77.023,320.9
WC_0003,2,572.88,230.16,2387.0,959.0,77.023,320.9
WC_0003,3,573.84,231.12,2391.0,963.0,77.023,320.9
WC_0003,4,573.36,232.56,2389.0,969.0,77.023,320.9
WC_0003,5,572.16,232.56,2384.0,969.0,77.023,320.9
WC_0003,6,570.96,233.76,2379.0,974.0,77.023,320.9
WC_0003,7,570.72,235.92,2378.0,983.0,77.023,320.9
WC_0003,8,571.92,236.88,2383.0,987.0,77.023,320.9
WC_0003,9,585.84,236.88,2441.0,987.0,77.023,320.9
WC_0003,10,586.8,236.16,2445.0,984.0,77.023,320.9
WC_0003,11,586.8,233.76,2445.0,974.0,77.023,320.9
WC_0003,12,587.52,233.04,2448.0,971.0,77.023,320.9
WC_0003,13,588.96,233.76,2454.0,974.0,77.023,320.9
WC_0003,14,588.96,236.16,2454.0,984.0,77.023,320.9
WC_0003,15,589.92,236.88,2458.0,987.0,77.023,320.9
WC_0003,16,623.76,236.64,2599.0,986.0,77.023,320.9
WC_0004,0,484.08,223.68,2017.0,932.0,54.48,227.0
WC_0004,1,483.84,235.2,2016.0,980.0,54.48,227.0
WC_0004,2,483.12,237.12,2013.0,988.0,54.48,227.0
WC_0004,3,460.08,237.36,1917.0,989.0,54.48,227.0
WC_0004,4,457.2,236.64,1905.0,986.0,54.48,227.0
WC_0004,5,442.32,237.36,1843.0,989.0,54.48,227.0
WC_0005,0,387.6,229.2,1615.0,955.0,136.044,566.9
WC_0005,1,379.68,229.92,1582.0,958.0,136.044,566.9
WC_0005,2,372.24,228.48,1551.0,952.0,136.044,566.9
WC_0005,3,367.92,231.12,1533.0,963.0,136.044,566.9
WC_0005,4,368.16,236.64,1534.0,986.0,136.044,566.9
WC_0005,5,399.84,236.64,1666.0,986.0,136.044,566.9
WC_0005,6,407.76,237.36,1699.0,989.0,136.044,566.9
WC_0005,7,421.2,236.88,1755.0,987.0,136.044,566.9
WC_0005,8,422.16,235.2,1759.0,980.0,136.044,566.9
WC_0005,9,422.88,222.48,1762.0,927.0,136.044,566.9
WC_0005,10,424.8,222.96,1770.0,929.0,136.044,566.9
WC_0005,11,424.8,225.84,1770.0,941.0,136.044,566.9
WC_0005,12,426.24,227.04,1776.0,946.0,136.044,566.9
WC_0005,13,447.6,227.04,1865.0,946.0,136.044,566.9
WC_0005,14,448.8,222.48,1870.0,927.0,136.044,566.9
WC_0005,15,450.48,222.96,1877.0,929.0,136.044,566.9
WC_0005,16,451.68,227.04,1882.0,946.0,136.044,566.9
WC_0005,17,455.04,227.04,1896.0,946.0,136.044,566.9
WC_0006,0,455.04,229.44,1896.0,956.0,53.181,221.6
WC_0006,1,429.36,229.44,1789.0,956.0,53.181,221.6
WC_0006,2,425.04,231.36,1771.0,964.0,53.181,221.6
WC_0006,3,424.32,236.16,1768.0,984.0,53.181,221.6
WC_0006,4,425.28,237.12,1772.0,988.0,53.181,221.6
WC_0006,5,441.84,237.36,1841.0,989.0,53.181,221.6
WC_0007,0,506.4,232.08,2110.0,967.0,17.575,73.2
WC_0007,1,505.92,235.92,2108.0,983.0,17.575,73.2
WC_0007,2,504.24,236.88,2101.0,987.0,17.575,73.2
WC_0007,3,492.48,237.36,2052.0,989.0,17.575,73.2
WC_0008,0,619.92,232.56,2583.0,969.0,7.47,31.1
WC_0008,1,623.52,232.56,2598.0,969.0,7.47,31.1
WC_0008,2,624.0,236.4,2600.0,985.0,7.47,31.1
WC_0009,0,168.72,233.76,703.0,974.0,5.254,21.9
WC_0009,1,169.68,235.92,707.0,983.0,5.254,21.9
WC_0009,2,171.84,237.84,716.0,991.0,5.254,21.9
WC_0010,0,509.52,234.72,2123.0,978.0,2.9,12.1
WC_0010,1,508.32,232.08,2118.0,967.0,2.9,12.1
WC_0011,0,509.76,234.72,2124.0,978.0,6.109,25.5
WC_0011,1,514.08,230.4,2142.0,960.0,6.109,25.5
WC_0012,0,509.52,234.96,2123.0,979.0,3.439,14.3
WC_0012,1,509.76,236.4,2124.0,985.0,3.439,14.3
WC_0012,2,511.68,236.88,2132.0,987.0,3.439,14.3
WC_0013,0,639.84,237.12,2666.0,988.0,13.442,56.0
WC_0013,1,626.4,237.36,2610.0,989.0,13.442,56.0
WC_0014,0,708.72,237.12,2953.0,988.0,73.303,305.4
WC_0014,1,675.36,237.12,2814.0,988.0,73.303,305.4
WC_0014,2,673.92,235.92,2808.0,983.0,73.303,305.4
WC_0014,3,672.96,233.04,2804.0,971.0,73.303,305.4
WC_0014,4,671.76,233.76,2799.0,974.0,73.303,305.4
WC_0014,5,671.52,235.68,2798.0,982.0,73.303,305.4
WC_0014,6,670.32,236.88,2793.0,987.0,73.303,305.4
WC_0014,7,640.32,237.12,2668.0,988.0,73.303,305.4
WC_0015,0,709.2,237.12,2955.0,988.0,13.2,55.0
WC_0015,1,722.4,237.12,3010.0,988.0,13.2,55.0
WC_0016,0,265.44,237.36,1106.0,989.0,30.481,127.0
WC_0016,1,234.96,237.6,979.0,990.0,30.481,127.0
WC_0017,0,265.92,237.36,1108.0,989.0,37.227,155.1
WC_0017,1,291.84,236.88,1216.0,987.0,37.227,155.1
WC_0017,2,303.12,237.6,1263.0,990.0,37.227,155.1
WC_0018,0,351.36,237.36,1464.0,989.0,46.287,192.9
WC_0018,1,352.56,236.64,1469.0,986.0,46.287,192.9
WC_0018,2,364.8,237.36,1520.0,989.0,46.287,192.9
WC_0018,3,365.76,233.28,1524.0,972.0,46.287,192.9
WC_0018,4,365.28,228.0,1522.0,950.0,46.287,192.9
WC_0018,5,366.48,227.04,1527.0,946.0,46.287,192.9
WC_0018,6,368.64,227.28,1536.0,947.0,46.287,192.9
WC_0018,7,372.48,225.84,1552.0,941.0,46.287,192.9
WC_0018,8,381.12,227.52,1588.0,948.0,46.287,192.9
WC_0018,9,387.6,226.8,1615.0,945.0,46.287,192.9
WC_0019,0,492.0,237.36,2050.0,989.0,19.003,79.2
WC_0019,1,486.0,236.64,2025.0,986.0,19.003,79.2
WC_0019,2,486.0,223.68,2025.0,932.0,19.003,79.2
WC_0020,0,529.92,237.36,2208.0,989.0,17.766,74.0
WC_0020,1,512.16,236.88,2134.0,987.0,17.766,74.0
WC_0021,0,736.08,237.36,3067.0,989.0,13.288,55.4
WC_0021,1,732.72,236.64,3053.0,986.0,13.288,55.4
WC_0021,2,722.88,237.12,3012.0,988.0,13.288,55.4
WC_0022,0,736.32,237.36,3068.0,989.0,84.221,350.9
WC_0022,1,737.52,236.64,3073.0,986.0,84.221,350.9
WC_0022,2,772.8,237.12,3220.0,988.0,84.221,350.9
WC_0022,3,786.0,236.64,3275.0,986.0,84.221,350.9
WC_0022,4,789.12,234.72,3288.0,978.0,84.221,350.9
WC_0022,5,790.08,232.32,3292.0,968.0,84.221,350.9
WC_0022,6,789.84,204.24,3291.0,851.0,84.221,350.9
WC_0023,0,216.24,237.6,901.0,990.0,18.537,77.2
WC_0023,1,226.8,236.88,945.0,987.0,18.537,77.2
WC_0023,2,234.72,237.6,978.0,990.0,18.537,77.2
WC_0024,0,303.36,237.6,1264.0,990.0,43.505,181.3
WC_0024,1,319.92,236.64,1333.0,986.0,43.505,181.3
WC_0024,2,328.32,237.36,1368.0,989.0,43.505,181.3
WC_0024,3,345.6,236.88,1440.0,987.0,43.505,181.3
WC_0024,4,346.56,237.6,1444.0,990.0,43.505,181.3
WC_0025,0,347.04,237.6,1446.0,990.0,3.847,16.0
WC_0025,1,350.88,237.36,1462.0,989.0,3.847,16.0
WC_0026,0,125.52,237.84,523.0,991.0,61.217,255.1
WC_0026,1,90.96,237.12,379.0,988.0,61.217,255.1
WC_0026,2,64.32,237.84,268.0,991.0,61.217,255.1
WC_0027,0,172.08,237.84,717.0,991.0,3.12,13.0
WC_0027,1,175.2,237.84,730.0,991.0,3.12,13.0
WC_0028,0,206.16,237.84,859.0,991.0,30.48,127.0
WC_0028,1,175.68,237.84,732.0,991.0,30.48,127.0
WC_0029,0,206.64,237.84,861.0,991.0,9.374,39.1
WC_0029,1,207.6,237.12,865.0,988.0,9.374,39.1
WC_0029,2,215.76,237.6,899.0,990.0,9.374,39.1
WC_0030,0,126.0,239.04,525.0,996.0,61.869,257.8
WC_0030,1,126.0,240.72,525.0,1003.0,61.869,257.8
WC_0030,2,125.04,241.44,521.0,1006.0,61.869,257.8
WC_0030,3,124.56,255.84,519.0,1066.0,61.869,257.8
WC_0030,4,123.36,256.56,514.0,1069.0,61.869,257.8
WC_0030,5,114.24,256.8,476.0,1070.0,61.869,257.8
WC_0030,6,112.32,258.24,468.0,1076.0,61.869,257.8
WC_0030,7,112.08,277.44,467.0,1156.0,61.869,257.8
WC_0030,8,114.48,277.92,477.0,1158.0,61.869,257.8
WC_0030,9,117.12,276.96,488.0,1154.0,61.869,257.8
WC_0030,10,122.88,272.64,512.0,1136.0,61.869,257.8
WC_0031,0,639.84,239.04,2666.0,996.0,12.962,54.0
WC_0031,1,626.88,239.28,2612.0,997.0,12.962,54.0
WC_0032,0,708.48,239.04,2952.0,996.0,68.415,285.1
WC_0032,1,672.96,239.76,2804.0,999.0,68.415,285.1
WC_0032,2,640.08,239.04,2667.0,996.0,68.415,285.1
WC_0033,0,708.72,239.04,2953.0,996.0,14.16,59.0
WC_0033,1,722.88,239.04,3012.0,996.0,14.16,59.0
WC_0034,0,161.04,239.28,671.0,997.0,9.287,38.7
WC_0034,1,162.24,238.08,676.0,992.0,9.287,38.7
WC_0034,2,166.08,237.12,692.0,988.0,9.287,38.7
WC_0034,3,166.56,233.52,694.0,973.0,9.287,38.7
WC_0035,0,350.88,239.28,1462.0,997.0,4.108,17.1
WC_0035,1,346.8,239.76,1445.0,999.0,4.108,17.1
WC_0036,0,441.84,239.28,1841.0,997.0,221.195,921.6
WC_0036,1,399.6,239.52,1665.0,998.0,221.195,921.6
WC_0036,2,396.48,240.48,1652.0,1002.0,221.195,921.6
WC_0036,3,395.28,251.28,1647.0,1047.0,221.195,921.6
WC_0036,4,395.52,294.0,1648.0,1225.0,221.195,921.6
WC_0036,5,396.96,298.08,1654.0,1242.0,221.195,921.6
WC_0036,6,402.48,298.8,1677.0,1245.0,221.195,921.6
WC_0036,7,447.84,298.56,1866.0,1244.0,221.195,921.6
WC_0036,8,449.28,297.6,1872.0,1240.0,221.195,921.6
WC_0036,9,449.76,286.8,1874.0,1195.0,221.195,921.6
WC_0036,10,448.32,281.52,1868.0,1173.0,221.195,921.6
WC_0036,11,450.0,280.32,1875.0,1168.0,221.195,921.6
WC_0036,12,449.76,271.44,1874.0,1131.0,221.195,921.6
WC_0036,13,447.36,270.48,1864.0,1127.0,221.195,921.6
WC_0036,14,446.88,268.8,1862.0,1120.0,221.195,921.6
WC_0036,15,449.76,267.36,1874.0,1114.0,221.195,921.6
WC_0036,16,449.76,252.24,1874.0,1051.0,221.195,921.6
WC_0036,17,447.36,251.04,1864.0,1046.0,221.195,921.6
WC_0036,18,449.52,247.92,1873.0,1033.0,221.195,921.6
WC_0036,19,449.52,240.72,1873.0,1003.0,221.195,921.6
WC_0036,20,448.56,239.52,1869.0,998.0,221.195,921.6
WC_0037,0,492.48,239.28,2052.0,997.0,238.709,994.6
WC_0037,1,504.72,240.0,2103.0,1000.0,238.709,994.6
WC_0037,2,506.4,242.16,2110.0,1009.0,238.709,994.6
WC_0037,3,506.88,279.36,2112.0,1164.0,238.709,994.6
WC_0037,4,506.4,281.28,2110.0,1172.0,238.709,994.6
WC_0037,5,504.96,282.48,2104.0,1177.0,238.709,994.6
WC_0037,6,504.96,283.44,2104.0,1181.0,238.709,994.6
WC_0037,7,506.4,284.4,2110.0,1185.0,238.709,994.6
WC_0037,8,505.92,287.28,2108.0,1197.0,238.709,994.6
WC_0037,9,506.88,289.2,2112.0,1205.0,238.709,994.6
WC_0037,10,506.16,297.12,2109.0,1238.0,238.709,994.6
WC_0037,11,504.48,298.08,2102.0,1242.0,238.709,994.6
WC_0037,12,501.6,298.08,2090.0,1242.0,238.709,994.6
WC_0037,13,500.88,294.24,2087.0,1226.0,238.709,994.6
WC_0037,14,499.2,293.28,2080.0,1222.0,238.709,994.6
WC_0037,15,498.24,294.0,2076.0,1225.0,238.709,994.6
WC_0037,16,498.48,297.84,2077.0,1241.0,238.709,994.6
WC_0037,17,496.56,298.8,2069.0,1245.0,238.709,994.6
WC_0037,18,481.92,298.8,2008.0,1245.0,238.709,994.6
WC_0037,19,480.48,298.08,2002.0,1242.0,238.709,994.6
WC_0037,20,480.48,296.4,2002.0,1235.0,238.709,994.6
WC_0037,21,479.52,295.2,1998.0,1230.0,238.709,994.6
WC_0037,22,477.84,295.68,1991.0,1232.0,238.709,994.6
WC_0037,23,477.84,297.6,1991.0,1240.0,238.709,994.6
WC_0037,24,476.88,298.8,1987.0,1245.0,238.709,994.6
WC_0037,25,454.08,298.08,1892.0,1242.0,238.709,994.6
WC_0037,26,452.64,296.88,1886.0,1237.0,238.709,994.6
WC_0037,27,452.16,294.0,1884.0,1225.0,238.709,994.6
WC_0037,28,452.4,286.8,1885.0,1195.0,238.709,994.6
WC_0037,29,453.12,285.84,1888.0,1191.0,238.709,994.6
WC_0037,30,452.16,282.96,1884.0,1179.0,238.709,994.6
WC_0037,31,452.16,255.36,1884.0,1064.0,238.709,994.6
WC_0037,32,453.36,253.68,1889.0,1057.0,238.709,994.6
WC_0037,33,452.16,252.0,1884.0,1050.0,238.709,994.6
WC_0037,34,452.4,241.2,1885.0,1005.0,238.709,994.6
WC_0037,35,454.08,240.0,1892.0,1000.0,238.709,994.6
WC_0037,36,466.56,239.76,1944.0,999.0,238.709,994.6
WC_0037,37,467.76,241.92,1949.0,1008.0,238.709,994.6
WC_0037,38,469.2,242.16,1955.0,1009.0,238.709,994.6
WC_0037,39,470.64,239.52,1961.0,998.0,238.709,994.6
WC_0037,40,492.0,239.28,2050.0,997.0,238.709,994.6
WC_0038,0,511.92,239.28,2133.0,997.0,331.178,1379.9
WC_0038,1,509.52,240.48,2123.0,1002.0,331.178,1379.9
WC_0038,2,508.8,244.8,2120.0,1020.0,331.178,1379.9
WC_0038,3,509.04,281.28,2121.0,1172.0,331.178,1379.9
WC_0038,4,509.76,286.56,2124.0,1194.0,331.178,1379.9
WC_0038,5,509.28,292.08,2122.0,1217.0,331.178,1379.9
WC_0038,6,510.0,297.36,2125.0,1239.0,331.178,1379.9
WC_0038,7,511.2,298.56,2130.0,1244.0,331.178,1379.9
WC_0038,8,560.88,298.56,2337.0,1244.0,331.178,1379.9
WC_0038,9,573.84,297.84,2391.0,1241.0,331.178,1379.9
WC_0038,10,582.48,298.56,2427.0,1244.0,331.178,1379.9
WC_0038,11,608.4,298.56,2535.0,1244.0,331.178,1379.9
WC_0038,12,618.72,297.84,2578.0,1241.0,331.178,1379.9
WC_0038,13,619.44,297.12,2581.0,1238.0,331.178,1379.9
WC_0038,14,619.92,244.08,2583.0,1017.0,331.178,1379.9
WC_0038,15,618.96,240.0,2579.0,1000.0,331.178,1379.9
WC_0038,16,613.44,239.28,2556.0,997.0,331.178,1379.9
WC_0038,17,571.68,239.52,2382.0,998.0,331.178,1379.9
WC_0038,18,570.48,240.48,2377.0,1002.0,331.178,1379.9
WC_0038,19,570.24,248.16,2376.0,1034.0,331.178,1379.9
WC_0038,20,568.32,248.64,2368.0,1036.0,331.178,1379.9
WC_0038,21,567.6,248.16,2365.0,1034.0,331.178,1379.9
WC_0038,22,567.6,241.44,2365.0,1006.0,331.178,1379.9
WC_0038,23,565.92,240.0,2358.0,1000.0,331.178,1379.9
WC_0038,24,560.4,239.28,2335.0,997.0,331.178,1379.9
WC_0038,25,530.4,239.28,2210.0,997.0,331.178,1379.9
WC_0039,0,512.4,239.28,2135.0,997.0,17.52,73.0
WC_0039,1,529.92,239.28,2208.0,997.0,17.52,73.0
WC_0040,0,626.64,239.28,2611.0,997.0,184.137,767.2
WC_0040,1,623.04,240.72,2596.0,1003.0,184.137,767.2
WC_0040,2,622.32,243.84,2593.0,1016.0,184.137,767.2
WC_0040,3,622.32,247.44,2593.0,1031.0,184.137,767.2
WC_0040,4,624.24,248.88,2601.0,1037.0,184.137,767.2
WC_0040,5,624.24,249.84,2601.0,1041.0,184.137,767.2
WC_0040,6,622.32,251.04,2593.0,1046.0,184.137,767.2
WC_0040,7,622.08,282.48,2592.0,1177.0,184.137,767.2
WC_0040,8,622.32,284.4,2593.0,1185.0,184.137,767.2
WC_0040,9,624.24,286.32,2601.0,1193.0,184.137,767.2
WC_0040,10,622.32,288.72,2593.0,1203.0,184.137,767.2
WC_0040,11,622.32,295.68,2593.0,1232.0,184.137,767.2
WC_0040,12,623.52,297.6,2598.0,1240.0,184.137,767.2
WC_0040,13,629.76,298.56,2624.0,1244.0,184.137,767.2
WC_0040,14,730.56,298.08,3044.0,1242.0,184.137,767.2
WC_0040,15,732.48,297.12,3052.0,1238.0,184.137,767.2
WC_0040,16,733.44,294.96,3056.0,1229.0,184.137,767.2
WC_0040,17,733.68,291.12,3057.0,1213.0,184.137,767.2
WC_0040,18,732.0,287.52,3050.0,1198.0,184.137,767.2
WC_0041,0,216.24,239.52,901.0,998.0,178.615,744.2
WC_0041,1,221.52,240.24,923.0,1001.0,178.615,744.2
WC_0041,2,222.48,241.44,927.0,1006.0,178.615,744.2
WC_0041,3,222.96,245.28,929.0,1022.0,178.615,744.2
WC_0041,4,223.2,280.08,930.0,1167.0,178.615,744.2
WC_0041,5,221.76,282.0,924.0,1175.0,178.615,744.2
WC_0041,6,222.96,283.44,929.0,1181.0,178.615,744.2
WC_0041,7,222.48,286.56,927.0,1194.0,178.615,744.2
WC_0041,8,223.2,291.12,930.0,1213.0,178.615,744.2
WC_0041,9,222.0,297.84,925.0,1241.0,178.615,744.2
WC_0041,10,220.32,299.04,918.0,1246.0,178.615,744.2
WC_0041,11,208.08,298.8,867.0,1245.0,178.615,744.2
WC_0041,12,205.92,296.88,858.0,1237.0,178.615,744.2
WC_0041,13,204.96,296.88,854.0,1237.0,178.615,744.2
WC_0041,14,203.52,298.8,848.0,1245.0,178.615,744.2
WC_0041,15,174.96,299.04,729.0,1246.0,178.615,744.2
WC_0041,16,171.12,298.56,713.0,1244.0,178.615,744.2
WC_0041,17,169.2,297.36,705.0,1239.0,178.615,744.2
WC_0041,18,168.96,246.0,704.0,1025.0,178.615,744.2
WC_0041,19,169.44,241.44,706.0,1006.0,178.615,744.2
WC_0041,20,172.08,240.0,717.0,1000.0,178.615,744.2
WC_0042,0,265.68,239.52,1107.0,998.0,31.947,133.1
WC_0042,1,254.88,239.76,1062.0,999.0,31.947,133.1
WC_0042,2,252.72,241.2,1053.0,1005.0,31.947,133.1
WC_0042,3,250.32,239.76,1043.0,999.0,31.947,133.1
WC_0042,4,236.4,240.0,985.0,1000.0,31.947,133.1
WC_0042,5,234.72,239.28,978.0,997.0,31.947,133.1
WC_0043,0,265.92,239.52,1108.0,998.0,19.405,80.9
WC_0043,1,278.64,240.24,1161.0,1001.0,19.405,80.9
WC_0043,2,279.84,244.32,1166.0,1018.0,19.405,80.9
WC_0043,3,282.24,244.56,1176.0,1019.0,19.405,80.9
WC_0044,0,303.36,239.52,1264.0,998.0,24.451,101.9
WC_0044,1,284.64,240.0,1186.0,1000.0,24.451,101.9
WC_0044,2,282.48,241.44,1177.0,1006.0,24.451,101.9
WC_0044,3,282.24,244.56,1176.0,1019.0,24.451,101.9
WC_0045,0,303.6,239.52,1265.0,998.0,131.423,547.6
WC_0045,1,321.12,240.24,1338.0,1001.0,131.423,547.6
WC_0045,2,325.44,239.28,1356.0,997.0,131.423,547.6
WC_0045,3,335.04,240.0,1396.0,1000.0,131.423,547.6
WC_0045,4,336.24,241.2,1401.0,1005.0,131.423,547.6
WC_0045,5,336.24,266.88,1401.0,1112.0,131.423,547.6
WC_0045,6,335.52,267.84,1398.0,1116.0,131.423,547.6
WC_0045,7,333.36,268.32,1389.0,1118.0,131.423,547.6
WC_0045,8,332.64,270.24,1386.0,1126.0,131.423,547.6
WC_0045,9,335.28,271.2,1397.0,1130.0,131.423,547.6
WC_0045,10,336.48,272.88,1402.0,1137.0,131.423,547.6
WC_0045,11,336.48,280.08,1402.0,1167.0,131.423,547.6
WC_0045,12,334.8,281.28,1395.0,1172.0,131.423,547.6
WC_0045,13,334.8,282.24,1395.0,1176.0,131.423,547.6
WC_0045,14,336.24,283.44,1401.0,1181.0,131.423,547.6
WC_0045,15,335.76,286.56,1399.0,1194.0,131.423,547.6
WC_0045,16,336.48,287.76,1402.0,1199.0,131.423,547.6
WC_0045,17,336.72,295.44,1403.0,1231.0,131.423,547.6
WC_0045,18,335.04,298.32,1396.0,1243.0,131.423,547.6
WC_0045,19,311.04,299.04,1296.0,1246.0,131.423,547.6
WC_0045,20,302.88,298.56,1262.0,1244.0,131.423,547.6
WC_0045,21,300.96,299.76,1254.0,1249.0,131.423,547.6
WC_0046,0,175.68,239.76,732.0,999.0,32.357,134.8
WC_0046,1,202.56,239.76,844.0,999.0,32.357,134.8
WC_0046,2,205.2,241.68,855.0,1007.0,32.357,134.8
WC_0046,3,206.88,240.24,862.0,1001.0,32.357,134.8
WC_0047,0,346.32,239.76,1443.0,999.0,219.82,915.9
WC_0047,1,340.32,240.72,1418.0,1003.0,219.82,915.9
WC_0047,2,338.88,244.8,1412.0,1020.0,219.82,915.9
WC_0047,3,338.88,251.52,1412.0,1048.0,219.82,915.9
WC_0047,4,341.76,252.96,1424.0,1054.0,219.82,915.9
WC_0047,5,341.76,254.64,1424.0,1061.0,219.82,915.9
WC_0047,6,339.12,255.6,1413.0,1065.0,219.82,915.9
WC_0047,7,339.12,283.2,1413.0,1180.0,219.82,915.9
WC_0047,8,341.04,285.12,1421.0,1188.0,219.82,915.9
WC_0047,9,339.12,287.76,1413.0,1199.0,219.82,915.9
WC_0047,10,338.88,294.0,1412.0,1225.0,219.82,915.9
WC_0047,11,339.84,297.6,1416.0,1240.0,219.82,915.9
WC_0047,12,342.48,298.8,1427.0,1245.0,219.82,915.9
WC_0047,13,355.68,299.04,1482.0,1246.0,219.82,915.9
WC_0047,14,386.88,298.8,1612.0,1245.0,219.82,915.9
WC_0047,15,391.68,298.08,1632.0,1242.0,219.82,915.9
WC_0047,16,393.12,293.52,1638.0,1223.0,219.82,915.9
WC_0047,17,392.88,240.72,1637.0,1003.0,219.82,915.9
WC_0047,18,388.32,239.52,1618.0,998.0,219.82,915.9
WC_0047,19,365.04,240.0,1521.0,1000.0,219.82,915.9
WC_0047,20,351.36,239.28,1464.0,997.0,219.82,915.9
WC_0048,0,172.56,240.0,719.0,1000.0,2.89,12.0
WC_0048,1,175.44,239.76,731.0,999.0,2.89,12.0
WC_0049,0,207.12,240.24,863.0,1001.0,8.67,36.1
WC_0049,1,215.76,239.52,899.0,998.0,8.67,36.1
WC_0050,0,162.24,240.72,676.0,1003.0,140.611,585.9
WC_0050,1,164.64,240.0,686.0,1000.0,140.611,585.9
WC_0050,2,166.32,240.72,693.0,1003.0,140.611,585.9
WC_0050,3,166.32,288.72,693.0,1203.0,140.611,585.9
WC_0050,4,163.68,290.16,682.0,1209.0,140.611,585.9
WC_0050,5,164.4,292.08,685.0,1217.0,140.611,585.9
WC_0050,6,166.32,292.56,693.0,1219.0,140.611,585.9
WC_0050,7,165.6,297.84,690.0,1241.0,140.611,585.9
WC_0050,8,161.76,298.8,674.0,1245.0,140.611,585.9
WC_0050,9,161.04,298.08,671.0,1242.0,140.611,585.9
WC_0050,10,161.04,294.96,671.0,1229.0,140.611,585.9
WC_0050,11,159.6,294.72,665.0,1228.0,140.611,585.9
WC_0050,12,157.68,298.8,657.0,1245.0,140.611,585.9
WC_0050,13,140.88,299.28,587.0,1247.0,140.611,585.9
WC_0050,14,135.6,298.56,565.0,1244.0,140.611,585.9
WC_0050,15,114.48,298.56,477.0,1244.0,140.611,585.9
WC_0050,16,112.08,296.4,467.0,1235.0,140.611,585.9
WC_0050,17,112.32,281.04,468.0,1171.0,140.611,585.9
WC_0051,0,160.32,241.68,668.0,1007.0,14.658,61.1
WC_0051,1,149.04,251.04,621.0,1046.0,14.658,61.1
WC_0052,0,93.84,245.04,391.0,1021.0,8.734,36.4
WC_0052,1,90.24,244.32,376.0,1018.0,8.734,36.4
WC_0052,2,85.2,244.8,355.0,1020.0,8.734,36.4
WC_0053,0,152.64,245.28,636.0,1022.0,9.178,38.2
WC_0053,1,158.4,239.76,660.0,999.0,9.178,38.2
WC_0053,2,159.6,239.76,665.0,999.0,9.178,38.2
WC_0054,0,93.84,246.24,391.0,1026.0,211.402,880.8
WC_0054,1,89.28,247.2,372.0,1030.0,211.402,880.8
WC_0054,2,89.28,252.48,372.0,1052.0,211.402,880.8
WC_0054,3,91.44,254.16,381.0,1059.0,211.402,880.8
WC_0054,4,120.48,254.16,502.0,1059.0,211.402,880.8
WC_0054,5,122.4,252.24,510.0,1051.0,211.402,880.8
WC_0054,6,122.64,242.88,511.0,1012.0,211.402,880.8
WC_0054,7,121.2,240.0,505.0,1000.0,211.402,880.8
WC_0054,8,101.52,240.0,423.0,1000.0,211.402,880.8
WC_0054,9,100.32,240.72,418.0,1003.0,211.402,880.8
WC_0054,10,99.36,244.8,414.0,1020.0,211.402,880.8
WC_0054,11,97.44,244.32,406.0,1018.0,211.402,880.8
WC_0054,12,97.2,240.96,405.0,1004.0,211.402,880.8
WC_0054,13,96.24,240.0,401.0,1000.0,211.402,880.8
WC_0054,14,70.32,240.0,293.0,1000.0,211.402,880.8
WC_0054,15,68.88,242.16,287.0,1009.0,211.402,880.8
WC_0054,16,67.92,252.48,283.0,1052.0,211.402,880.8
WC_0054,17,65.04,257.04,271.0,1071.0,211.402,880.8
WC_0054,18,58.8,259.44,245.0,1081.0,211.402,880.8
WC_0054,19,51.6,258.96,215.0,1079.0,211.402,880.8
WC_0054,20,48.0,260.64,200.0,1086.0,211.402,880.8
WC_0054,21,45.6,263.52,190.0,1098.0,211.402,880.8
WC_0054,22,45.12,268.08,188.0,1117.0,211.402,880.8
WC_0054,23,46.08,270.72,192.0,1128.0,211.402,880.8
WC_0054,24,48.24,271.68,201.0,1132.0,211.402,880.8
WC_0054,25,62.64,271.2,261.0,1130.0,211.402,880.8
WC_0054,26,68.4,271.92,285.0,1133.0,211.402,880.8
WC_0054,27,70.56,271.2,294.0,1130.0,211.402,880.8
WC_0054,28,71.28,273.84,297.0,1141.0,211.402,880.8
WC_0054,29,70.56,274.56,294.0,1144.0,211.402,880.8
WC_0054,30,68.16,274.56,284.0,1144.0,211.402,880.8
WC_0054,31,66.96,276.48,279.0,1152.0,211.402,880.8
WC_0054,32,66.96,285.12,279.0,1188.0,211.402,880.8
WC_0054,33,67.92,285.84,283.0,1191.0,211.402,880.8
WC_0054,34,71.52,284.64,298.0,1186.0,211.402,880.8
WC_0054,35,73.68,285.12,307.0,1188.0,211.402,880.8
WC_0055,0,733.2,248.64,3055.0,1036.0,18.1,75.4
WC_0055,1,733.2,241.92,3055.0,1008.0,18.1,75.4
WC_0055,2,732.0,239.76,3050.0,999.0,18.1,75.4
WC_0055,3,723.12,239.04,3013.0,996.0,18.1,75.4
WC_0056,0,735.6,248.64,3065.0,1036.0,9.627,40.1
WC_0056,1,736.32,239.04,3068.0,996.0,9.627,40.1
WC_0057,0,733.2,249.12,3055.0,1038.0,7.924,33.0
WC_0057,1,733.44,257.04,3056.0,1071.0,7.924,33.0
WC_0058,0,735.6,249.36,3065.0,1039.0,7.935,33.1
WC_0058,1,735.12,257.28,3063.0,1072.0,7.935,33.1
WC_0059,0,148.08,250.08,617.0,1042.0,6.281,26.2
WC_0059,1,152.4,245.52,635.0,1023.0,6.281,26.2
WC_0060,0,148.08,250.08,617.0,1042.0,22.828,95.1
WC_0060,1,143.04,253.68,596.0,1057.0,22.828,95.1
WC_0060,2,131.04,265.2,546.0,1105.0,22.828,95.1
WC_0061,0,742.08,250.56,3092.0,1044.0,6.404,26.7
WC_0061,1,735.84,249.12,3066.0,1038.0,6.404,26.7
WC_0062,0,735.12,257.28,3063.0,1072.0,17.203,71.7
WC_0062,1,736.08,260.4,3067.0,1085.0,17.203,71.7
WC_0062,2,735.36,274.32,3064.0,1143.0,17.203,71.7
WC_0063,0,132.24,266.16,551.0,1109.0,22.332,93.1
WC_0063,1,138.0,262.08,575.0,1092.0,22.332,93.1
WC_0063,2,148.8,251.28,620.0,1047.0,22.332,93.1
WC_0064,0,123.12,272.4,513.0,1135.0,10.704,44.6
WC_0064,1,131.04,265.2,546.0,1105.0,10.704,44.6
WC_0065,0,124.08,273.6,517.0,1140.0,11.176,46.6
WC_0065,1,125.52,273.36,523.0,1139.0,11.176,46.6
WC_0065,2,131.76,267.6,549.0,1115.0,11.176,46.6
WC_0065,3,132.0,266.4,550.0,1110.0,11.176,46.6
WC_0066,0,733.44,274.08,3056.0,1142.0,16.562,69.0
WC_0066,1,733.2,257.52,3055.0,1073.0,16.562,69.0
WC_0067,0,100.56,274.32,419.0,1143.0,57.735,240.6
WC_0067,1,100.32,263.76,418.0,1099.0,57.735,240.6
WC_0067,2,108.96,263.28,454.0,1097.0,57.735,240.6
WC_0067,3,108.96,256.8,454.0,1070.0,57.735,240.6
WC_0067,4,108.24,256.08,451.0,1067.0,57.735,240.6
WC_0067,5,87.84,256.08,366.0,1067.0,57.735,240.6
WC_0067,6,87.12,255.6,363.0,1065.0,57.735,240.6
WC_0067,7,86.88,248.4,362.0,1035.0,57.735,240.6
WC_0067,8,84.96,246.72,354.0,1028.0,57.735,240.6
WC_0068,0,102.48,274.32,427.0,1143.0,33.234,138.5
WC_0068,1,103.44,266.16,431.0,1109.0,33.234,138.5
WC_0068,2,108.72,265.68,453.0,1107.0,33.234,138.5
WC_0068,3,109.68,266.64,457.0,1111.0,33.234,138.5
WC_0068,4,109.44,277.92,456.0,1158.0,33.234,138.5
WC_0068,5,108.0,278.64,450.0,1161.0,33.234,138.5
WC_0068,6,103.92,278.16,433.0,1159.0,33.234,138.5
WC_0068,7,102.96,277.2,429.0,1155.0,33.234,138.5
WC_0069,0,733.44,274.32,3056.0,1143.0,13.127,54.7
WC_0069,1,733.2,282.96,3055.0,1179.0,13.127,54.7
WC_0069,2,732.0,287.28,3050.0,1197.0,13.127,54.7
WC_0070,0,42.48,279.12,177.0,1163.0,58.301,242.9
WC_0070,1,42.0,265.44,175.0,1106.0,58.301,242.9
WC_0070,2,44.4,260.88,185.0,1087.0,58.301,242.9
WC_0070,3,47.52,257.76,198.0,1074.0,58.301,242.9
WC_0070,4,50.88,256.32,212.0,1068.0,58.301,242.9
WC_0070,5,59.52,256.8,248.0,1070.0,58.301,242.9
WC_0070,6,62.4,255.6,260.0,1065.0,58.301,242.9
WC_0070,7,64.56,253.2,269.0,1055.0,58.301,242.9
WC_0070,8,66.0,250.32,275.0,1043.0,58.301,242.9
WC_0070,9,66.24,246.24,276.0,1026.0,58.301,242.9
WC_0070,10,65.28,241.44,272.0,1006.0,58.301,242.9
WC_0070,11,64.08,240.48,267.0,1002.0,58.301,242.9
WC_0070,12,64.32,237.84,268.0,991.0,58.301,242.9
WC_0071,0,93.12,280.08,388.0,1167.0,20.334,84.7
WC_0071,1,75.36,283.68,314.0,1182.0,20.334,84.7
WC_0071,2,73.68,285.12,307.0,1188.0,20.334,84.7
WC_0072,0,93.36,280.08,389.0,1167.0,6.277,26.2
WC_0072,1,96.96,278.64,404.0,1161.0,6.277,26.2
WC_0072,2,99.36,278.64,414.0,1161.0,6.277,26.2
WC_0073,0,99.84,280.56,416.0,1169.0,6.119,25.5
WC_0073,1,93.84,281.76,391.0,1174.0,6.119,25.5
WC_0074,0,100.08,280.56,417.0,1169.0,9.372,39.1
WC_0074,1,109.44,281.04,456.0,1171.0,9.372,39.1
WC_0075,0,112.56,280.8,469.0,1170.0,11.279,47.0
WC_0075,1,119.04,279.12,496.0,1163.0,11.279,47.0
WC_0075,2,122.16,275.76,509.0,1149.0,11.279,47.0
WC_0076,0,109.68,281.28,457.0,1172.0,98.165,409.0
WC_0076,1,109.44,297.12,456.0,1238.0,98.165,409.0
WC_0076,2,107.76,298.56,449.0,1244.0,98.165,409.0
WC_0076,3,58.8,299.04,245.0,1246.0,98.165,409.0
WC_0076,4,57.12,297.6,238.0,1240.0,98.165,409.0
WC_0076,5,55.2,299.04,230.0,1246.0,98.165,409.0
WC_0076,6,45.6,298.08,190.0,1242.0,98.165,409.0
WC_0076,7,44.88,290.4,187.0,1210.0,98.165,409.0
WC_0076,8,47.28,288.72,197.0,1203.0,98.165,409.0
WC_0076,9,53.52,288.48,223.0,1202.0,98.165,409.0
WC_0077,0,73.92,285.84,308.0,1191.0,20.175,84.1
WC_0077,1,78.96,285.84,329.0,1191.0,20.175,84.1
WC_0077,2,93.6,282.0,390.0,1175.0,20.175,84.1
WC_0078,0,73.44,286.08,306.0,1192.0,10.616,44.2
WC_0078,1,69.36,288.24,289.0,1201.0,10.616,44.2
WC_0078,2,63.36,288.24,264.0,1201.0,10.616,44.2
WC_0079,0,62.64,286.32,261.0,1193.0,58.078,242.0
WC_0079,1,64.32,285.12,268.0,1188.0,58.078,242.0
WC_0079,2,64.8,276.24,270.0,1151.0,58.078,242.0
WC_0079,3,63.84,274.8,266.0,1145.0,58.078,242.0
WC_0079,4,48.72,274.56,203.0,1144.0,58.078,242.0
WC_0079,5,46.08,275.76,192.0,1149.0,58.078,242.0
WC_0079,6,44.88,279.6,187.0,1165.0,58.078,242.0
WC_0079,7,44.88,285.12,187.0,1188.0,58.078,242.0
WC_0079,8,45.6,285.84,190.0,1191.0,58.078,242.0
WC_0079,9,62.4,286.32,260.0,1193.0,58.078,242.0
WC_0080,0,54.0,288.48,225.0,1202.0,9.123,38.0
WC_0080,1,63.12,288.24,263.0,1201.0,9.123,38.0
WC_0081,0,278.88,298.08,1162.0,1242.0,8.977,37.4
WC_0081,1,279.6,294.96,1165.0,1229.0,8.977,37.4
WC_0081,2,280.56,294.48,1169.0,1227.0,8.977,37.4
WC_0081,3,282.48,295.2,1177.0,1230.0,8.977,37.4
WC_0081,4,282.72,297.84,1178.0,1241.0,8.977,37.4
WC_0082,0,282.48,298.08,1177.0,1242.0,3.369,14.0
WC_0082,1,279.12,298.32,1163.0,1243.0,3.369,14.0
WC_0083,0,282.96,298.08,1179.0,1242.0,15.19,63.3
WC_0083,1,296.4,298.8,1235.0,1245.0,15.19,63.3
WC_0083,2,297.84,299.76,1241.0,1249.0,15.19,63.3
WC_0084,0,278.64,298.32,1161.0,1243.0,123.653,515.2
WC_0084,1,229.44,298.8,956.0,1245.0,123.653,515.2
WC_0084,2,226.8,298.32,945.0,1243.0,123.653,515.2
WC_0084,3,225.36,297.12,939.0,1238.0,123.653,515.2
WC_0084,4,224.88,294.48,937.0,1227.0,123.653,515.2
WC_0084,5,225.6,288.48,940.0,1202.0,123.653,515.2
WC_0084,6,227.76,286.32,949.0,1193.0,123.653,515.2
WC_0084,7,225.6,284.16,940.0,1184.0,123.653,515.2
WC_0084,8,225.84,255.6,941.0,1065.0,123.653,515.2
WC_0084,9,228.24,254.64,951.0,1061.0,123.653,515.2
WC_0084,10,228.0,252.96,950.0,1054.0,123.653,515.2
WC_0084,11,225.6,251.28,940.0,1047.0,123.653,515.2
WC_0084,12,225.6,242.4,940.0,1010.0,123.653,515.2
WC_0084,13,227.28,240.0,947.0,1000.0,123.653,515.2
WC_0084,14,234.72,239.28,978.0,997.0,123.653,515.2
WC_0085,0,748.08,298.56,3117.0,1244.0,37.491,156.2
WC_0085,1,738.24,298.08,3076.0,1242.0,37.491,156.2
WC_0085,2,736.32,296.88,3068.0,1237.0,37.491,156.2
WC_0085,3,735.84,288.96,3066.0,1204.0,37.491,156.2
WC_0085,4,738.0,287.76,3075.0,1199.0,37.491,156.2
WC_0085,5,738.0,286.32,3075.0,1193.0,37.491,156.2
WC_0085,6,737.28,285.12,3072.0,1188.0,37.491,156.2
WC_0085,7,735.36,284.4,3064.0,1185.0,37.491,156.2
WC_0085,8,735.36,274.32,3064.0,1143.0,37.491,156.2
WC_0086,0,748.08,298.56,3117.0,1244.0,156.11,650.5
WC_0086,1,784.32,298.32,3268.0,1243.0,156.11,650.5
WC_0086,2,788.4,297.84,3285.0,1241.0,156.11,650.5
WC_0086,3,789.84,296.88,3291.0,1237.0,156.11,650.5
WC_0086,4,789.6,241.92,3290.0,1008.0,156.11,650.5
WC_0086,5,788.4,239.76,3285.0,999.0,156.11,650.5
WC_0086,6,772.08,239.28,3217.0,997.0,156.11,650.5
WC_0086,7,767.52,239.76,3198.0,999.0,156.11,650.5
WC_0086,8,768.0,241.92,3200.0,1008.0,156.11,650.5
WC_0086,9,766.08,243.12,3192.0,1013.0,156.11,650.5
WC_0086,10,762.0,239.04,3175.0,996.0,156.11,650.5
WC_0086,11,736.56,239.04,3069.0,996.0,156.11,650.5
WC_0087,0,42.24,299.28,176.0,1247.0,19.921,83.0
WC_0087,1,42.48,279.36,177.0,1164.0,19.921,83.0
WC_0088,0,42.24,299.76,176.0,1249.0,9.603,40.0
WC_0088,1,42.48,309.36,177.0,1289.0,9.603,40.0
WC_0089,0,297.84,299.76,1241.0,1249.0,2.88,12.0
WC_0089,1,300.72,299.76,1253.0,1249.0,2.88,12.0
WC_0090,0,741.12,301.2,3088.0,1255.0,7.026,29.3
WC_0090,1,748.08,300.24,3117.0,1251.0,7.026,29.3
WC_0091,0,678.72,304.8,2828.0,1270.0,120.723,503.0
WC_0091,1,678.24,318.0,2826.0,1325.0,120.723,503.0
WC_0091,2,676.8,318.96,2820.0,1329.0,120.723,503.0
WC_0091,3,672.24,318.72,2801.0,1328.0,120.723,503.0
WC_0091,4,671.28,317.76,2797.0,1324.0,120.723,503.0
WC_0091,5,671.28,301.68,2797.0,1257.0,120.723,503.0
WC_0091,6,672.0,300.96,2800.0,1254.0,120.723,503.0
WC_0091,7,731.52,300.96,3048.0,1254.0,120.723,503.0
WC_0091,8,732.96,302.88,3054.0,1262.0,120.723,503.0
WC_0091,9,733.2,307.92,3055.0,1283.0,120.723,503.0
WC_0091,10,731.52,308.88,3048.0,1287.0,120.723,503.0
WC_0091,11,731.52,309.84,3048.0,1291.0,120.723,503.0
WC_0091,12,732.96,310.8,3054.0,1295.0,120.723,503.0
WC_0091,13,732.48,313.2,3052.0,1305.0,120.723,503.0
WC_0091,14,733.68,321.84,3057.0,1341.0,120.723,503.0
WC_0092,0,680.88,304.8,2837.0,1270.0,29.056,121.1
WC_0092,1,681.36,318.48,2839.0,1327.0,29.056,121.1
WC_0092,2,696.72,318.96,2903.0,1329.0,29.056,121.1
WC_0093,0,744.96,305.28,3104.0,1272.0,5.431,22.6
WC_0093,1,741.12,301.44,3088.0,1256.0,5.431,22.6
WC_0094,0,42.24,309.6,176.0,1290.0,33.91,141.3
WC_0094,1,22.08,310.08,92.0,1292.0,33.91,141.3
WC_0094,2,21.36,309.6,89.0,1290.0,33.91,141.3
WC_0094,3,21.12,305.76,88.0,1274.0,33.91,141.3
WC_0094,4,18.96,305.28,79.0,1272.0,33.91,141.3
WC_0094,5,18.24,305.76,76.0,1274.0,33.91,141.3
WC_0094,6,18.0,309.12,75.0,1288.0,33.91,141.3
WC_0094,7,15.6,310.08,65.0,1292.0,33.91,141.3
WC_0095,0,42.48,309.6,177.0,1290.0,2.89,12.0
WC_0095,1,42.24,312.48,176.0,1302.0,2.89,12.0
WC_0096,0,735.84,311.04,3066.0,1296.0,14.211,59.2
WC_0096,1,735.84,301.92,3066.0,1258.0,14.211,59.2
WC_0096,2,740.88,301.2,3087.0,1255.0,14.211,59.2
WC_0097,0,736.08,311.28,3067.0,1297.0,13.03,54.3
WC_0097,1,737.76,312.24,3074.0,1301.0,13.03,54.3
WC_0097,2,737.76,313.44,3074.0,1306.0,13.03,54.3
WC_0097,3,735.36,315.12,3064.0,1313.0,13.03,54.3
WC_0097,4,735.6,320.88,3065.0,1337.0,13.03,54.3
WC_0097,5,734.88,321.84,3062.0,1341.0,13.03,54.3
WC_0098,0,493.68,317.04,2057.0,1321.0,57.449,239.4
WC_0098,1,493.92,315.6,2058.0,1315.0,57.449,239.4
WC_0098,2,492.24,313.68,2051.0,1307.0,57.449,239.4
WC_0098,3,493.68,311.52,2057.0,1298.0,57.449,239.4
WC_0098,4,496.08,311.52,2067.0,1298.0,57.449,239.4
WC_0098,5,496.8,312.24,2070.0,1301.0,57.449,239.4
WC_0098,6,497.28,316.32,2072.0,1318.0,57.449,239.4
WC_0098,7,498.48,317.28,2077.0,1322.0,57.449,239.4
WC_0098,8,502.32,317.76,2093.0,1324.0,57.449,239.4
WC_0098,9,505.44,317.04,2106.0,1321.0,57.449,239.4
WC_0098,10,506.16,316.08,2109.0,1317.0,57.449,239.4
WC_0098,11,505.68,309.84,2107.0,1291.0,57.449,239.4
WC_0098,12,490.8,309.6,2045.0,1290.0,57.449,239.4
WC_0098,13,488.64,311.76,2036.0,1299.0,57.449,239.4
WC_0098,14,488.16,315.36,2034.0,1314.0,57.449,239.4
WC_0098,15,489.84,317.28,2041.0,1322.0,57.449,239.4
WC_0098,16,492.96,317.52,2054.0,1323.0,57.449,239.4
WC_0099,0,471.36,318.24,1964.0,1326.0,134.689,561.2
WC_0099,1,471.12,316.56,1963.0,1319.0,134.689,561.2
WC_0099,2,453.36,316.08,1889.0,1317.0,134.689,561.2
WC_0099,3,452.16,314.64,1884.0,1311.0,134.689,561.2
WC_0099,4,452.64,302.4,1886.0,1260.0,134.689,561.2
WC_0099,5,453.6,301.44,1890.0,1256.0,134.689,561.2
WC_0099,6,456.96,300.96,1904.0,1254.0,134.689,561.2
WC_0099,7,505.68,301.2,2107.0,1255.0,134.689,561.2
WC_0099,8,506.88,303.12,2112.0,1263.0,134.689,561.2
WC_0099,9,506.88,305.28,2112.0,1272.0,134.689,561.2
WC_0099,10,505.68,306.48,2107.0,1277.0,134.689,561.2
WC_0099,11,490.32,307.2,2043.0,1280.0,134.689,561.2
WC_0099,12,488.64,305.52,2036.0,1273.0,134.689,561.2
WC_0099,13,486.72,306.0,2028.0,1275.0,134.689,561.2
WC_0099,14,486.24,307.68,2026.0,1282.0,134.689,561.2
WC_0099,15,484.8,308.64,2020.0,1286.0,134.689,561.2
WC_0099,16,484.8,310.08,2020.0,1292.0,134.689,561.2
WC_0099,17,486.24,311.04,2026.0,1296.0,134.689,561.2
WC_0099,18,485.76,326.16,2024.0,1359.0,134.689,561.2
WC_0100,0,493.92,319.92,2058.0,1333.0,3.943,16.4
WC_0100,1,495.36,318.96,2064.0,1329.0,3.943,16.4
WC_0100,2,493.92,317.28,2058.0,1322.0,3.943,16.4
WC_0101,0,493.44,320.16,2056.0,1334.0,54.883,228.7
WC_0101,1,489.6,320.16,2040.0,1334.0,54.883,228.7
WC_0101,2,488.64,320.88,2036.0,1337.0,54.883,228.7
WC_0101,3,488.64,324.0,2036.0,1350.0,54.883,228.7
WC_0101,4,490.32,327.36,2043.0,1364.0,54.883,228.7
WC_0101,5,503.28,327.6,2097.0,1365.0,54.883,228.7
WC_0101,6,506.16,326.64,2109.0,1361.0,54.883,228.7
WC_0101,7,506.64,321.36,2111.0,1339.0,54.883,228.7
WC_0101,8,505.92,320.4,2108.0,1335.0,54.883,228.7
WC_0101,9,498.96,319.68,2079.0,1332.0,54.883,228.7
WC_0101,10,497.28,321.36,2072.0,1339.0,54.883,228.7
WC_0101,11,497.04,324.72,2071.0,1353.0,54.883,228.7
WC_0101,12,495.84,325.2,2066.0,1355.0,54.883,228.7
WC_0101,13,493.44,324.24,2056.0,1351.0,54.883,228.7
WC_0101,14,493.68,320.4,2057.0,1335.0,54.883,228.7
WC_0102,0,42.48,320.88,177.0,1337.0,8.164,34.0
WC_0102,1,42.24,312.72,176.0,1303.0,8.164,34.0
WC_0103,0,42.48,321.36,177.0,1339.0,2.448,10.2
WC_0103,1,42.96,323.76,179.0,1349.0,2.448,10.2
WC_0104,0,696.72,321.36,2903.0,1339.0,166.842,695.2
WC_0104,1,681.6,321.36,2840.0,1339.0,166.842,695.2
WC_0104,2,680.88,322.08,2837.0,1342.0,166.842,695.2
WC_0104,3,680.4,326.64,2835.0,1361.0,166.842,695.2
WC_0104,4,678.48,326.16,2827.0,1359.0,166.842,695.2
WC_0104,5,678.48,322.32,2827.0,1343.0,166.842,695.2
WC_0104,6,677.76,321.36,2824.0,1339.0,166.842,695.2
WC_0104,7,663.84,321.36,2766.0,1339.0,166.842,695.2
WC_0104,8,664.08,319.2,2767.0,1330.0,166.842,695.2
WC_0104,9,668.88,318.24,2787.0,1326.0,166.842,695.2
WC_0104,10,668.88,305.76,2787.0,1274.0,166.842,695.2
WC_0104,11,666.96,300.96,2779.0,1254.0,166.842,695.2
WC_0104,12,625.2,300.72,2605.0,1253.0,166.842,695.2
WC_0104,13,623.04,302.16,2596.0,1259.0,166.842,695.2
WC_0104,14,622.32,305.04,2593.0,1271.0,166.842,695.2
WC_0104,15,622.56,341.52,2594.0,1423.0,166.842,695.2
WC_0104,16,632.64,351.6,2636.0,1465.0,166.842,695.2
WC_0104,17,635.04,351.6,2646.0,1465.0,166.842,695.2
WC_0105,0,733.68,322.08,3057.0,1342.0,29.524,123.0
WC_0105,1,733.2,351.6,3055.0,1465.0,29.524,123.0
WC_0106,0,734.88,322.08,3062.0,1342.0,29.572,123.2
WC_0106,1,735.84,323.52,3066.0,1348.0,29.572,123.2
WC_0106,2,735.6,351.36,3065.0,1464.0,29.572,123.2
WC_0107,0,44.88,323.28,187.0,1347.0,56.886,237.0
WC_0107,1,48.72,324.72,203.0,1353.0,56.886,237.0
WC_0107,2,61.68,324.24,257.0,1351.0,56.886,237.0
WC_0107,3,63.84,323.52,266.0,1348.0,56.886,237.0
WC_0107,4,64.8,321.6,270.0,1340.0,56.886,237.0
WC_0107,5,64.56,313.2,269.0,1305.0,56.886,237.0
WC_0107,6,63.84,312.48,266.0,1302.0,56.886,237.0
WC_0107,7,47.28,312.72,197.0,1303.0,56.886,237.0
WC_0107,8,44.88,314.4,187.0,1310.0,56.886,237.0
WC_0107,9,44.88,320.88,187.0,1337.0,56.886,237.0
WC_0108,0,25.44,323.52,106.0,1348.0,35.42,147.6
WC_0108,1,25.2,321.36,105.0,1339.0,35.42,147.6
WC_0108,2,21.12,320.64,88.0,1336.0,35.42,147.6
WC_0108,3,20.88,312.96,87.0,1304.0,35.42,147.6
WC_0108,4,21.6,312.24,90.0,1301.0,35.42,147.6
WC_0108,5,42.0,312.48,175.0,1302.0,35.42,147.6
WC_0109,0,25.2,323.76,105.0,1349.0,17.795,74.1
WC_0109,1,21.84,324.0,91.0,1350.0,17.795,74.1
WC_0109,2,21.12,324.72,88.0,1353.0,17.795,74.1
WC_0109,3,21.12,331.44,88.0,1381.0,17.795,74.1
WC_0109,4,22.56,332.4,94.0,1385.0,17.795,74.1
WC_0109,5,24.72,332.4,103.0,1385.0,17.795,74.1
WC_0109,6,25.68,333.36,107.0,1389.0,17.795,74.1
WC_0109,7,25.68,334.8,107.0,1395.0,17.795,74.1
WC_0110,0,43.2,324.0,180.0,1350.0,52.043,216.8
WC_0110,1,42.48,325.68,177.0,1357.0,52.043,216.8
WC_0110,2,42.72,341.28,178.0,1422.0,52.043,216.8
WC_0110,3,41.52,343.68,173.0,1432.0,52.043,216.8
WC_0110,4,21.84,344.16,91.0,1434.0,52.043,216.8
WC_0110,5,21.12,336.72,88.0,1403.0,52.043,216.8
WC_0110,6,23.28,335.28,97.0,1397.0,52.043,216.8
WC_0110,7,25.44,335.04,106.0,1396.0,52.043,216.8
WC_0111,0,101.76,324.24,424.0,1351.0,261.738,1090.6
WC_0111,1,68.4,324.0,285.0,1350.0,261.738,1090.6
WC_0111,2,67.44,322.8,281.0,1345.0,261.738,1090.6
WC_0111,3,67.68,320.4,282.0,1335.0,261.738,1090.6
WC_0111,4,66.72,318.24,278.0,1326.0,261.738,1090.6
WC_0111,5,66.96,312.96,279.0,1304.0,261.738,1090.6
WC_0111,6,71.04,312.0,296.0,1300.0,261.738,1090.6
WC_0111,7,71.52,310.56,298.0,1294.0,261.738,1090.6
WC_0111,8,70.8,309.84,295.0,1291.0,261.738,1090.6
WC_0111,9,52.32,309.6,218.0,1290.0,261.738,1090.6
WC_0111,10,51.36,308.88,214.0,1287.0,261.738,1090.6
WC_0111,11,49.2,309.84,205.0,1291.0,261.738,1090.6
WC_0111,12,47.04,309.6,196.0,1290.0,261.738,1090.6
WC_0111,13,45.12,308.16,188.0,1284.0,261.738,1090.6
WC_0111,14,45.6,301.68,190.0,1257.0,261.738,1090.6
WC_0111,15,107.76,301.44,449.0,1256.0,261.738,1090.6
WC_0111,16,109.2,302.88,455.0,1262.0,261.738,1090.6
WC_0111,17,109.44,306.0,456.0,1275.0,261.738,1090.6
WC_0111,18,111.84,306.48,466.0,1277.0,261.738,1090.6
WC_0111,19,112.56,302.88,469.0,1262.0,261.738,1090.6
WC_0111,20,113.76,301.68,474.0,1257.0,261.738,1090.6
WC_0111,21,164.4,301.2,685.0,1255.0,261.738,1090.6
WC_0111,22,166.08,303.12,692.0,1263.0,261.738,1090.6
WC_0111,23,166.08,314.88,692.0,1312.0,261.738,1090.6
WC_0111,24,166.8,317.04,695.0,1321.0,261.738,1090.6
WC_0111,25,166.32,351.6,693.0,1465.0,261.738,1090.6
WC_0112,0,102.0,326.4,425.0,1360.0,47.685,198.7
WC_0112,1,96.24,327.12,401.0,1363.0,47.685,198.7
WC_0112,2,89.76,326.4,374.0,1360.0,47.685,198.7
WC_0112,3,67.68,326.64,282.0,1361.0,47.685,198.7
WC_0112,4,66.96,327.36,279.0,1364.0,47.685,198.7
WC_0112,5,66.24,339.6,276.0,1415.0,47.685,198.7
WC_0113,0,15.6,326.88,65.0,1362.0,18.905,78.8
WC_0113,1,17.76,326.64,74.0,1361.0,18.905,78.8
WC_0113,2,18.48,325.68,77.0,1357.0,18.905,78.8
WC_0113,3,18.24,312.96,76.0,1304.0,18.905,78.8
WC_0113,4,15.6,312.0,65.0,1300.0,18.905,78.8
WC_0114,0,53.04,327.84,221.0,1366.0,2.412,10.0
WC_0114,1,50.64,328.08,211.0,1367.0,2.412,10.0
WC_0115,0,53.28,327.84,222.0,1366.0,7.44,31.0
WC_0115,1,53.76,329.76,224.0,1374.0,7.44,31.0
WC_0115,2,52.32,330.72,218.0,1378.0,7.44,31.0
WC_0115,3,50.4,330.0,210.0,1375.0,7.44,31.0
WC_0115,4,50.4,328.32,210.0,1368.0,7.44,31.0
WC_0116,0,50.4,328.08,210.0,1367.0,45.06,187.7
WC_0116,1,45.84,326.64,191.0,1361.0,45.06,187.7
WC_0116,2,44.88,327.84,187.0,1366.0,45.06,187.7
WC_0116,3,44.88,341.04,187.0,1421.0,45.06,187.7
WC_0116,4,45.84,343.68,191.0,1432.0,45.06,187.7
WC_0116,5,63.84,344.4,266.0,1435.0,45.06,187.7
WC_0116,6,64.8,343.44,270.0,1431.0,45.06,187.7
WC_0116,7,64.8,340.08,270.0,1417.0,45.06,187.7
WC_0117,0,804.48,328.32,3352.0,1368.0,49.447,206.0
WC_0117,1,802.8,327.84,3345.0,1366.0,49.447,206.0
WC_0117,2,802.8,325.44,3345.0,1356.0,49.447,206.0
WC_0117,3,801.84,324.24,3341.0,1351.0,49.447,206.0
WC_0117,4,794.64,324.48,3311.0,1352.0,49.447,206.0
WC_0117,5,792.48,323.28,3302.0,1347.0,49.447,206.0
WC_0117,6,792.24,313.68,3301.0,1307.0,49.447,206.0
WC_0117,7,792.48,301.44,3302.0,1256.0,49.447,206.0
WC_0117,8,793.44,300.72,3306.0,1253.0,49.447,206.0
WC_0117,9,804.48,300.48,3352.0,1252.0,49.447,206.0
WC_0118,0,65.04,339.6,271.0,1415.0,24.149,100.6
WC_0118,1,64.32,327.6,268.0,1365.0,24.149,100.6
WC_0118,2,63.12,326.4,263.0,1360.0,24.149,100.6
WC_0118,3,59.28,326.16,247.0,1359.0,24.149,100.6
WC_0118,4,54.24,326.4,226.0,1360.0,24.149,100.6
WC_0118,5,53.28,327.6,222.0,1365.0,24.149,100.6
WC_0119,0,66.24,339.84,276.0,1416.0,11.916,49.6
WC_0119,1,68.16,351.6,284.0,1465.0,11.916,49.6
WC_0120,0,490.08,341.04,2042.0,1421.0,52.706,219.6
WC_0120,1,489.36,336.24,2039.0,1401.0,52.706,219.6
WC_0120,2,489.84,329.76,2041.0,1374.0,52.706,219.6
WC_0120,3,498.72,329.76,2078.0,1374.0,52.706,219.6
WC_0120,4,501.36,330.72,2089.0,1378.0,52.706,219.6
WC_0120,5,505.2,330.0,2105.0,1375.0,52.706,219.6
WC_0120,6,505.92,330.72,2108.0,1378.0,52.706,219.6
WC_0120,7,505.92,339.12,2108.0,1413.0,52.706,219.6
WC_0120,8,504.96,341.28,2104.0,1422.0,52.706,219.6
WC_0120,9,500.16,342.0,2084.0,1425.0,52.706,219.6
WC_0120,10,491.04,341.76,2046.0,1424.0,52.706,219.6
WC_0121,0,12.0,349.92,50.0,1458.0,27.653,115.2
WC_0121,1,16.08,350.16,67.0,1459.0,27.653,115.2
WC_0121,2,18.24,349.44,76.0,1456.0,27.653,115.2
WC_0121,3,18.24,332.64,76.0,1386.0,27.653,115.2
WC_0121,4,17.76,330.48,74.0,1377.0,27.653,115.2
WC_0121,5,15.6,329.76,65.0,1374.0,27.653,115.2
WC_0122,0,169.2,351.36,705.0,1464.0,209.484,872.9
WC_0122,1,168.96,316.08,704.0,1317.0,209.484,872.9
WC_0122,2,169.68,313.2,707.0,1305.0,209.484,872.9
WC_0122,3,168.72,306.96,703.0,1279.0,209.484,872.9
WC_0122,4,168.96,302.64,704.0,1261.0,209.484,872.9
WC_0122,5,169.68,301.92,707.0,1258.0,209.484,872.9
WC_0122,6,175.2,301.2,730.0,1255.0,209.484,872.9
WC_0122,7,226.56,301.68,944.0,1257.0,209.484,872.9
WC_0122,8,258.48,300.72,1077.0,1253.0,209.484,872.9
WC_0122,9,278.4,301.44,1160.0,1256.0,209.484,872.9
WC_0122,10,279.6,302.4,1165.0,1260.0,209.484,872.9
WC_0122,11,280.08,320.4,1167.0,1335.0,209.484,872.9
WC_0122,12,279.36,341.04,1164.0,1421.0,209.484,872.9
WC_0122,13,280.08,351.6,1167.0,1465.0,209.484,872.9
WC_0123,0,383.52,351.36,1598.0,1464.0,156.031,650.1
WC_0123,1,389.52,345.6,1623.0,1440.0,156.031,650.1
WC_0123,2,392.88,340.32,1637.0,1418.0,156.031,650.1
WC_0123,3,393.6,328.32,1640.0,1368.0,156.031,650.1
WC_0123,4,392.64,314.64,1636.0,1311.0,156.031,650.1
WC_0123,5,393.12,310.8,1638.0,1295.0,156.031,650.1
WC_0123,6,391.44,310.08,1631.0,1292.0,156.031,650.1
WC_0123,7,391.44,308.88,1631.0,1287.0,156.031,650.1
WC_0123,8,393.36,307.68,1639.0,1282.0,156.031,650.1
WC_0123,9,392.88,303.36,1637.0,1264.0,156.031,650.1
WC_0123,10,391.44,301.44,1631.0,1256.0,156.031,650.1
WC_0123,11,343.92,301.44,1433.0,1256.0,156.031,650.1
WC_0123,12,340.56,301.92,1419.0,1258.0,156.031,650.1
WC_0123,13,339.6,302.88,1415.0,1262.0,156.031,650.1
WC_0123,14,339.84,306.48,1416.0,1277.0,156.031,650.1
WC_0123,15,337.92,307.2,1408.0,1280.0,156.031,650.1
WC_0123,16,336.48,306.24,1402.0,1276.0,156.031,650.1
WC_0123,17,336.72,303.12,1403.0,1263.0,156.031,650.1
WC_0123,18,335.28,301.2,1397.0,1255.0,156.031,650.1
WC_0123,19,301.68,300.72,1257.0,1253.0,156.031,650.1
WC_0123,20,300.96,300.0,1254.0,1250.0,156.031,650.1
WC_0124,0,387.36,351.36,1614.0,1464.0,152.524,635.5
WC_0124,1,393.36,345.84,1639.0,1441.0,152.524,635.5
WC_0124,2,396.0,339.84,1650.0,1416.0,152.524,635.5
WC_0124,3,395.52,315.84,1648.0,1316.0,152.524,635.5
WC_0124,4,397.44,314.16,1656.0,1309.0,152.524,635.5
WC_0124,5,397.44,312.72,1656.0,1303.0,152.524,635.5
WC_0124,6,395.76,311.52,1649.0,1298.0,152.524,635.5
WC_0124,7,396.0,302.64,1650.0,1261.0,152.524,635.5
WC_0124,8,397.92,301.2,1658.0,1255.0,152.524,635.5
WC_0124,9,446.64,300.96,1861.0,1254.0,152.524,635.5
WC_0124,10,448.56,301.44,1869.0,1256.0,152.524,635.5
WC_0124,11,449.76,303.12,1874.0,1263.0,152.524,635.5
WC_0124,12,450.0,321.6,1875.0,1340.0,152.524,635.5
WC_0124,13,450.96,323.04,1879.0,1346.0,152.524,635.5
WC_0124,14,452.4,322.32,1885.0,1343.0,152.524,635.5
WC_0124,15,453.36,318.48,1889.0,1327.0,152.524,635.5
WC_0124,16,456.72,318.0,1903.0,1325.0,152.524,635.5
WC_0124,17,464.16,319.2,1934.0,1330.0,152.524,635.5
WC_0124,18,471.12,318.48,1963.0,1327.0,152.524,635.5
WC_0125,0,65.76,351.6,274.0,1465.0,27.076,112.8
WC_0125,1,64.8,348.24,270.0,1451.0,27.076,112.8
WC_0125,2,63.36,347.04,264.0,1446.0,27.076,112.8
WC_0125,3,46.08,347.28,192.0,1447.0,27.076,112.8
WC_0125,4,45.12,351.6,188.0,1465.0,27.076,112.8
WC_0126,0,282.48,351.6,1177.0,1465.0,64.999,270.8
WC_0126,1,282.0,311.52,1175.0,1298.0,64.999,270.8
WC_0126,2,282.72,302.4,1178.0,1260.0,64.999,270.8
WC_0126,3,284.88,301.44,1187.0,1256.0,64.999,270.8
WC_0126,4,296.4,300.96,1235.0,1254.0,64.999,270.8
WC_0126,5,297.84,299.76,1241.0,1249.0,64.999,270.8
WC_0127,0,627.84,351.6,2616.0,1465.0,252.703,1052.9
WC_0127,1,627.6,349.92,2615.0,1458.0,252.703,1052.9
WC_0127,2,621.84,345.84,2591.0,1441.0,252.703,1052.9
WC_0127,3,619.68,341.76,2582.0,1424.0,252.703,1052.9
WC_0127,4,619.44,303.6,2581.0,1265.0,252.703,1052.9
WC_0127,5,617.52,300.96,2573.0,1254.0,252.703,1052.9
WC_0127,6,517.68,300.72,2157.0,1253.0,252.703,1052.9
WC_0127,7,510.96,301.44,2129.0,1256.0,252.703,1052.9
WC_0127,8,509.28,304.56,2122.0,1269.0,252.703,1052.9
WC_0127,9,509.28,310.08,2122.0,1292.0,252.703,1052.9
WC_0127,10,511.92,312.48,2133.0,1302.0,252.703,1052.9
WC_0127,11,509.04,314.64,2121.0,1311.0,252.703,1052.9
WC_0127,12,509.52,330.48,2123.0,1377.0,252.703,1052.9
WC_0127,13,508.56,331.68,2119.0,1382.0,252.703,1052.9
WC_0127,14,508.8,342.96,2120.0,1429.0,252.703,1052.9
WC_0127,15,507.84,343.92,2116.0,1433.0,252.703,1052.9
WC_0127,16,503.04,344.64,2096.0,1436.0,252.703,1052.9
WC_0127,17,487.68,344.4,2032.0,1435.0,252.703,1052.9
WC_0127,18,486.72,337.92,2028.0,1408.0,252.703,1052.9
WC_0127,19,487.2,329.52,2030.0,1373.0,252.703,1052.9
WC_0127,20,482.16,328.32,2009.0,1368.0,252.703,1052.9
WC_0127,21,482.88,326.4,2012.0,1360.0,252.703,1052.9
WC_0127,22,485.52,326.4,2023.0,1360.0,252.703,1052.9
WC_0128,0,779.76,351.6,3249.0,1465.0,101.487,422.9
WC_0128,1,786.72,345.12,3278.0,1438.0,101.487,422.9
WC_0128,2,789.6,341.28,3290.0,1422.0,101.487,422.9
WC_0128,3,789.84,323.28,3291.0,1347.0,101.487,422.9
WC_0128,4,786.0,322.08,3275.0,1342.0,101.487,422.9
WC_0128,5,786.48,319.92,3277.0,1333.0,101.487,422.9
WC_0128,6,789.12,320.4,3288.0,1335.0,101.487,422.9
WC_0128,7,789.84,319.68,3291.0,1332.0,101.487,422.9
WC_0128,8,789.6,302.64,3290.0,1261.0,101.487,422.9
WC_0128,9,787.2,300.72,3280.0,1253.0,101.487,422.9
WC_0128,10,748.08,300.24,3117.0,1251.0,101.487,422.9
WC_0129,0,782.88,351.6,3262.0,1465.0,36.317,151.3
WC_0129,1,791.52,343.68,3298.0,1432.0,36.317,151.3
WC_0129,2,793.2,335.04,3305.0,1396.0,36.317,151.3
WC_0129,3,798.96,334.8,3329.0,1395.0,36.317,151.3
WC_0129,4,800.16,336.0,3334.0,1400.0,36.317,151.3
WC_0129,5,801.84,336.0,3341.0,1400.0,36.317,151.3
WC_0129,6,802.8,335.04,3345.0,1396.0,36.317,151.3
WC_0129,7,802.8,331.68,3345.0,1382.0,36.317,151.3
WC_0129,8,804.48,330.72,3352.0,1378.0,36.317,151.3
